City,Lat,Lng,Max Temp,Humidity,Cloudiness,Wind Speed,Country,Date
Aksu,41.1231,80.2644,85.64,20,0,9.04,CN,1658293787
Phan Thiet,10.9333,108.1,83.66,73,100,9.35,VN,1658293787
Alberton,46.8168,-64.0654,65.05,87,36,20.58,CA,1658293787
Vaini,-21.2,-175.2,73.56,100,20,11.5,TO,1658293787
Nome,64.5011,-165.4064,46.47,71,100,5.75,US,1658293536
Rikitea,-23.1203,-134.9692,74.16,76,1,7.31,PF,1658293788
Hobart,-42.8794,147.3294,49.86,67,20,4.61,AU,1658293788
Norman Wells,65.282,-126.8329,62.55,56,8,2.59,CA,1658293789
Ushuaia,-54.8,-68.3,37.06,87,75,13.8,AR,1658293789
Bairiki Village,1.3292,172.9752,82.4,83,75,10.36,KI,1658293789
Nikolskoye,59.7035,30.7861,61.79,78,26,10.69,RU,1658293790
Cherskiy,68.75,161.3,46.54,62,94,15.61,RU,1658293790
Katsuura,35.1333,140.3,89.62,78,93,8.43,JP,1658293790
Barrow,71.2906,-156.7887,42.82,81,100,11.5,US,1658293791
Ribeira Grande,38.5167,-28.7,71.49,89,17,4.88,PT,1658293791
Arraial do Cabo,-22.9661,-42.0278,68.16,91,0,6.55,BR,1658293791
Bredasdorp,-34.5322,20.0403,44.78,87,11,3.22,ZA,1658293792
Leningradskiy,69.3833,178.4167,33.4,98,100,20.51,RU,1658293792
Lavrentiya,65.5833,-171.0,42.3,72,96,8.95,RU,1658293792
Tuatapere,-46.1333,167.6833,43.23,84,97,1.86,NZ,1658293792
Nyurba,63.2842,118.3319,65.5,58,97,8.93,RU,1658293793
Punta Arenas,-53.15,-70.9167,35.71,64,75,47.18,CL,1658293793
Yellowknife,62.456,-114.3525,59.65,86,93,12.26,CA,1658293793
Bubaque,11.2833,-15.8333,78.37,83,98,15.95,GW,1658293794
East London,-33.0153,27.9116,61.68,86,98,13.62,ZA,1658293794
Mulanje,-16.0316,35.5,63.0,78,37,2.33,MW,1658293794
Martinez,38.0194,-122.1341,73.26,67,0,5.75,US,1658293530
Tiksi,71.6872,128.8694,34.21,95,100,13.24,RU,1658293795
Sangmélima,2.9333,11.9833,64.0,99,90,2.19,CM,1658293795
Hamilton,39.1834,-84.5333,77.81,85,0,6.91,US,1658293689
José de Freitas,-4.7564,-42.5756,72.55,70,99,3.51,BR,1658293796
Port Alfred,-33.5906,26.891,54.18,97,100,1.99,ZA,1658293796
Vao,-22.6667,167.4833,74.35,89,68,11.61,NC,1658293796
Palauig,15.435,119.9045,87.85,67,11,6.49,PH,1658293797
Ahipara,-35.1667,173.1667,55.47,84,72,12.24,NZ,1658293797
Nanortalik,60.1432,-45.2371,47.05,96,100,11.3,GL,1658293797
Port Elizabeth,-33.918,25.5701,53.31,99,100,3.0,ZA,1658293798
Jamestown,42.097,-79.2353,74.79,86,0,0.0,US,1658293508
Albany,42.6001,-73.9662,72.79,88,56,5.26,US,1658293126
Yangi Marg`ilon,40.4272,71.7189,90.32,23,0,4.61,UZ,1658293798
Ondjiva,-17.0667,15.7333,47.26,49,0,4.09,AO,1658293799
At-Bashi,41.1702,75.8106,70.45,28,0,1.72,KG,1658293799
Río Gallegos,-51.6226,-69.2181,33.85,80,0,27.63,AR,1658293664
Sampit,-2.5333,112.95,90.72,52,45,3.13,ID,1658293799
Kavaratti,10.5669,72.642,81.19,80,100,20.74,IN,1658293800
Manuk Mangkaw,4.8,119.85,83.64,73,14,7.18,PH,1658293800
Busselton,-33.65,115.3333,64.92,68,79,16.78,AU,1658293800
Bambous Virieux,-20.3428,57.7575,71.22,69,97,23.6,MU,1658293801
Hong Kong,22.2855,114.1577,93.25,99,82,12.19,HK,1658293203
Sayyan,15.1718,44.3244,59.31,72,100,5.66,YE,1658293801
Opuwo,-18.0607,13.84,53.1,44,0,5.46,NA,1658293801
Broken Hill,-31.95,141.4333,52.93,48,85,12.75,AU,1658293636
Cape Town,-33.9258,18.4232,57.38,81,8,5.99,ZA,1658293573
Mar del Plata,-38.0023,-57.5575,45.09,81,43,5.99,AR,1658293539
Necochea,-38.5473,-58.7368,49.75,47,0,15.99,AR,1658293802
Mordovo,52.0834,40.77,62.83,75,11,11.81,RU,1658293802
Saint-Philippe,-21.3585,55.7679,73.22,71,51,18.5,RE,1658293803
Lebu,-37.6167,-73.65,48.16,92,11,5.21,CL,1658293803
Shirokiy,49.758,129.523,75.67,71,82,6.82,RU,1658293804
Sheboygan,43.7333,-87.9334,80.58,76,100,14.97,US,1658293804
Fergus Falls,46.283,-96.0776,72.66,85,100,13.8,US,1658293804
Mataura,-46.1927,168.8643,44.47,80,96,2.17,NZ,1658293805
Hermanus,-34.4187,19.2345,51.13,75,25,5.26,ZA,1658293805
Airai,-8.9266,125.4092,72.59,49,74,3.44,TL,1658293222
Pisco,-13.7,-76.2167,60.85,88,100,4.61,PE,1658293806
Tautira,-17.7333,-149.15,76.64,67,0,3.87,PF,1658293806
Butaritari,3.0707,172.7902,82.11,79,89,13.73,KI,1658293806
Kloulklubed,7.0419,134.2556,81.1,73,100,3.44,PW,1658293807
College,64.8569,-147.8028,55.35,87,75,4.61,US,1658293807
Ilulissat,69.2167,-51.1,44.62,87,75,1.14,GL,1658293807
Coyhaique,-45.5752,-72.0662,39.15,93,100,5.75,CL,1658293671
George Town,5.4112,100.3354,89.89,72,20,9.22,MY,1658293662
Iqaluit,63.7506,-68.5145,40.69,93,100,11.01,CA,1658293755
Coquimbo,-29.9533,-71.3436,51.53,100,100,2.3,CL,1658293808
Bluff,-46.6,168.3333,44.8,69,100,10.25,NZ,1658293809
Ormara,25.2088,64.6357,84.22,85,85,14.45,PK,1658293809
Sitka,57.0531,-135.33,55.29,82,100,10.36,US,1658293738
Ponta do Sol,32.6667,-17.1,70.43,75,17,5.46,PT,1658293810
Thompson,55.7435,-97.8558,71.76,46,92,5.68,CA,1658293810
Baghlan,36.1307,68.7083,99.41,10,0,6.51,AF,1658293810
Dikson,73.5069,80.5464,46.67,61,81,15.55,RU,1658293811
Tcholliré,8.4022,14.1698,69.1,97,100,1.14,CM,1658293811
New Norfolk,-42.7826,147.0587,49.5,54,3,1.9,AU,1658293812
Grand Forks,47.9417,-97.4337,69.73,73,75,17.27,US,1658293812
Vanavara,60.34,102.2797,70.23,45,99,7.4,RU,1658293812
Okitipupa,6.5047,4.7839,70.5,92,43,2.8,NG,1658293813
Noumea,-22.2763,166.4572,77.0,99,99,3.06,NC,1658293598
Honiara,-9.4333,159.95,84.15,70,17,5.82,SB,1658293813
Bengkulu,-3.8004,102.2655,84.58,68,80,7.38,ID,1658293814
Nizwá,22.9333,57.5333,85.35,70,32,3.0,OM,1658293622
Cidreira,-30.1811,-50.2056,57.61,92,5,6.04,BR,1658293814
São Cristóvão,-11.0147,-37.2064,75.11,88,40,8.05,BR,1658293601
Hambantota,6.1241,81.1185,86.34,67,98,13.82,LK,1658293815
Saint Paul Harbor,57.79,-152.4072,54.91,76,100,4.61,US,1658293815
Cabo San Lucas,22.8909,-109.9124,85.6,73,73,1.01,MX,1658293565
Hilo,19.7297,-155.09,76.73,81,0,3.44,US,1658293685
Linxia Chengguanzhen,35.6003,103.2064,78.12,36,0,3.49,CN,1658293815
Aleksandrov Gay,50.147,48.5704,73.85,36,0,8.21,RU,1658293816
Kapit,2.0167,112.9333,95.86,43,55,2.33,MY,1658293816
Castro,-24.7911,-50.0119,57.07,98,19,5.37,BR,1658293817
Ancud,-41.8697,-73.8203,51.22,95,100,19.42,CL,1658293817
Kaitangata,-46.2817,169.8464,43.79,78,98,5.21,NZ,1658293817
Atuona,-9.8,-139.0333,77.43,75,63,14.0,PF,1658293818
Souillac,-20.5167,57.5167,69.55,66,67,22.95,MU,1658293818
Srednekolymsk,67.45,153.6833,56.48,41,97,5.99,RU,1658293818
Mahébourg,-20.4081,57.7,71.26,68,86,24.09,MU,1658293819
Trelew,-43.249,-65.3051,50.61,62,95,13.78,AR,1658293819
Hasaki,35.7333,140.8333,95.29,74,76,8.41,JP,1658293819
Touros,-5.1989,-35.4608,71.49,88,3,13.94,BR,1658293820
Ol'ga,43.7444,135.2892,72.14,68,62,7.38,RU,1658293820
Oranjemund,-28.55,16.4333,50.25,84,0,11.03,NA,1658293820
Carahue,-38.7,-73.1667,48.65,94,77,2.95,CL,1658293821
Saint George,37.1041,-113.5841,96.64,26,0,6.91,US,1658293821
Acarí,-15.4311,-74.6158,64.11,76,65,1.54,PE,1658293821
Kaa-Khem,51.6833,94.7333,71.28,33,51,5.08,RU,1658293822
Kyzyl-Suu,42.3414,78.0056,67.24,48,4,6.64,KG,1658293822
Flinders,-34.5833,150.8552,58.17,84,54,8.99,AU,1658293822
Aizpute,56.7167,21.6,60.03,66,27,4.43,LV,1658293823
Kaolinovo,43.6167,27.1167,70.84,40,1,1.9,BG,1658293823
Rundu,-17.9333,19.7667,45.18,62,0,5.75,NA,1658293823
Huilong,31.8111,121.655,90.19,68,73,9.78,CN,1658293824
Ipueiras,-7.0333,-40.45,65.75,81,29,12.21,BR,1658293824
Provideniya,64.3833,-173.3,50.36,71,0,13.42,RU,1658293824
Japura,-0.3167,102.35,86.94,65,100,4.21,ID,1658293825
Kieta,-6.2167,155.6333,82.69,74,42,4.21,PG,1658293825
Kapoeta,4.7717,33.5903,77.04,56,94,10.27,SS,1658293825
Carnarvon,-24.8667,113.6333,76.77,42,68,13.58,AU,1658293826
Kapaa,22.0752,-159.319,82.38,82,40,17.27,US,1658293826
Seymchan,62.8833,152.4333,59.63,70,100,5.59,RU,1658293826
Leh,34.1667,77.5833,71.37,22,7,4.74,IN,1658293827
Ojinaga,29.5667,-104.4167,94.41,22,0,8.05,MX,1658293827
Tasiilaq,65.6145,-37.6368,37.56,91,84,6.76,GL,1658293827
Chapais,49.7834,-74.8492,50.41,88,2,5.12,CA,1658293827
Poum,-20.2333,164.0167,75.99,85,96,12.01,NC,1658293828
San Cristobal,7.7669,-72.225,69.98,95,100,2.57,VE,1658293565
La Providencia,28.7167,-111.5833,87.21,75,71,8.48,MX,1658293828
Avarua,-21.2078,-159.775,73.45,73,75,6.91,CK,1658293829
Hithadhoo,-0.6,73.0833,81.25,74,81,6.35,MV,1658293829
Mulegé,26.8833,-111.9833,86.25,56,39,4.09,MX,1658293829
Laas,46.6166,10.7002,65.35,85,79,1.39,IT,1658293830
Marawi,7.9986,124.2928,80.22,71,45,5.23,PH,1658293830
Amapá,1.0,-52.0,71.44,99,100,0.92,BR,1658293830
Jinchang,38.4953,102.1739,86.07,15,0,6.78,CN,1658293831
Koutiala,12.3917,-5.4642,72.12,92,94,13.51,ML,1658293831
Angicos,-5.6656,-36.6011,71.15,70,7,9.69,BR,1658293831
Cap Malheureux,-19.9842,57.6142,71.47,61,41,11.99,MU,1658293832
Vardø,70.3705,31.1107,55.38,94,100,16.11,NO,1658293832
Bowen,-20.0167,148.2333,70.81,70,89,12.53,AU,1658293832
Ust-Maya,60.4167,134.5333,86.45,37,55,7.96,RU,1658293833
Saskylakh,71.9167,114.0833,49.32,50,93,15.32,RU,1658293833
Sharkan,57.2989,53.8712,63.79,67,18,12.8,RU,1658293833
Iralaya,15.0,-83.2333,80.13,78,74,12.26,HN,1658293834
Quilmaná,-12.95,-76.3833,62.11,83,77,2.17,PE,1658293834
Puerto Ayora,-0.7393,-90.3518,67.55,98,50,5.01,EC,1658293835
Huron,41.1501,-82.5499,76.69,82,55,7.81,US,1658293835
Shingū,33.7333,135.9833,90.54,49,84,7.72,JP,1658293835
Banjar,-8.19,114.9675,85.69,59,9,3.42,ID,1658293836
Zeya,53.75,127.2667,80.74,48,94,4.21,RU,1658293836
Caravelas,-17.7125,-39.2481,68.7,93,9,2.3,BR,1658293836
Ust'-Ordynskiy,52.805,104.7508,70.09,46,69,7.74,RU,1658293837
Azul,-36.777,-59.8585,44.35,71,44,8.32,AR,1658293837
Tokur,53.1333,132.9,54.25,91,100,3.91,RU,1658293837
Isangel,-19.55,169.2667,79.93,76,4,9.75,VU,1658293838
Severo-Kuril'sk,50.6789,156.125,51.42,97,100,17.29,RU,1658293838
Rosetown,51.5501,-108.0014,67.66,74,44,4.29,CA,1658293839
Nouadhibou,20.931,-17.0347,67.39,96,56,19.98,MR,1658293839
Chui,-33.6971,-53.4616,44.56,91,0,5.91,UY,1658293839
Taperoá,-7.2075,-36.8267,63.48,92,9,13.2,BR,1658293840
Arica,-18.475,-70.3042,59.23,77,100,3.44,CL,1658293840
Idlib,35.9306,36.6339,81.54,43,0,7.2,SY,1658293840
Eureka,40.8021,-124.1637,55.92,85,62,1.01,US,1658293841
Izumo,35.3667,132.7667,83.46,63,55,11.34,JP,1658293841
Narsaq,60.9167,-46.05,48.42,92,100,2.01,GL,1658293841
Zilair,52.2332,57.4392,66.31,61,60,10.2,RU,1658293841
Antofagasta,-23.65,-70.4,54.68,72,86,2.77,CL,1658293607
Lapeer,43.0514,-83.3188,77.49,60,0,6.91,US,1658293617
Richards Bay,-28.783,32.0377,65.93,51,46,3.33,ZA,1658293724
Arlit,18.7369,7.3853,86.43,40,79,3.06,NE,1658293842
Guerrero Negro,27.9769,-114.0611,70.77,75,18,10.56,MX,1658293842
Bagan,54.1001,77.6646,74.05,42,73,6.49,RU,1658293843
Santa Maria,-29.6842,-53.8069,50.18,96,1,5.1,BR,1658293843
Port Lincoln,-34.7333,135.8667,52.29,56,39,10.49,AU,1658293843
Chokurdakh,70.6333,147.9167,52.83,55,94,10.76,RU,1658293844
Pontianak,-0.0333,109.3333,89.58,62,75,5.75,ID,1658293844
Waipawa,-41.4122,175.5153,48.25,93,99,13.49,NZ,1658293845
Waingapu,-9.6567,120.2641,84.27,51,32,14.58,ID,1658293845
Pāvilosta,56.8879,21.1859,60.71,69,27,5.99,LV,1658293845
Puerto Peñasco,31.3167,-113.5333,86.92,81,58,13.0,MX,1658293846
Yerbogachën,61.2767,108.0108,69.3,65,88,4.79,RU,1658293846
Ust'-Koksa,50.2696,85.6108,64.0,52,34,1.43,RU,1658293846
Gazojak,41.1875,61.4036,99.01,16,0,18.92,TM,1658293847
Lagoa,39.05,-27.9833,71.06,88,4,9.64,PT,1658293847
Yuanping,38.7153,112.7575,85.12,36,29,4.23,CN,1658293847
Blyth,55.1271,-1.5086,65.08,86,0,4.61,GB,1658293848
Peque,7.0212,-75.9093,65.21,97,100,0.47,CO,1658293848
Nevel'sk,46.6733,141.8633,66.27,78,97,4.88,RU,1658293848
Port Hardy,50.6996,-127.4199,54.25,89,4,11.18,CA,1658293849
Port Shepstone,-30.7414,30.455,63.14,67,1,16.06,ZA,1658293849
Torbay,47.6666,-52.7314,67.28,96,100,16.11,CA,1658293849
Mossamedes,-15.1961,12.1522,60.44,88,0,4.99,AO,1658293850
Sabha,27.0377,14.4283,75.99,42,1,9.8,LY,1658293850
Pevek,69.7008,170.3133,32.07,98,100,13.78,RU,1658293850
São Filipe,14.8961,-24.4956,77.97,79,71,5.08,CV,1658293851
Mnogovershinnyy,53.9353,139.9242,63.95,71,100,3.24,RU,1658293851
Birao,10.2849,22.7882,70.72,93,100,5.88,CF,1658293851
Bako,5.7833,36.5667,66.42,63,95,1.92,ET,1658293852
Padang,-0.9492,100.3543,86.05,71,100,5.19,ID,1658293852
Cobija,-11.0267,-68.7692,73.31,71,51,2.8,BO,1658293852
Mikhaylovka,50.06,43.2379,70.79,45,10,6.87,RU,1658293853
Bainbridge Island,47.6262,-122.5212,71.46,73,0,4.61,US,1658293662
Jacareacanga,-6.2222,-57.7528,71.51,64,38,2.35,BR,1658293853
Azanka,58.0401,64.7893,64.36,98,98,6.38,RU,1658293853
Digby,44.6169,-65.7655,65.59,80,0,13.0,CA,1658293854
Wolfsburg,52.4333,10.8,80.1,44,44,5.82,DE,1658293854
Saint-Augustin,51.226,-58.6502,57.49,96,100,23.44,CA,1658293854
Mogadishu,2.0371,45.3438,76.21,76,100,19.48,SO,1658293855
Cayenne,4.9333,-52.3333,75.24,1,0,0.0,GF,1658293855
Pyn U Lwin,22.0333,96.4667,79.09,68,100,5.68,MM,1658293855
Khatanga,71.9667,102.5,53.33,41,55,19.55,RU,1658293856
Vilhena,-12.7406,-60.1458,64.54,49,1,2.95,BR,1658293856
Estelle,29.8458,-90.1067,86.0,77,0,3.44,US,1658293856
Vernon,50.2581,-119.2691,69.13,50,0,3.94,CA,1658293857
Qaanaaq,77.484,-69.3632,39.6,77,98,1.99,GL,1658293857
Lethem,3.3803,-59.7968,74.05,91,76,4.0,GY,1658293857
Chernyshevskiy,63.0128,112.4714,58.32,75,79,10.63,RU,1658293858
Batagay,67.6333,134.6333,50.59,66,100,7.02,RU,1658293858
Anáhuac,27.2333,-100.15,86.58,51,55,25.68,MX,1658293858
Raudeberg,61.9875,5.1352,60.96,93,98,15.75,NO,1658293859
Cottonwood,34.7392,-112.0099,89.44,43,34,1.01,US,1658293730
Olinda,-8.0089,-34.8553,73.13,78,40,6.91,BR,1658293859
Puerto Escondido,15.85,-97.0667,80.15,88,24,5.77,MX,1658293859
Tura,25.5198,90.2201,77.52,93,100,6.02,IN,1658293860
Lahuachaca,-17.3667,-67.6667,39.65,61,9,4.61,BO,1658293860
Mount Gambier,-37.8333,140.7667,54.55,50,2,2.93,AU,1658293860
Geraldton,-28.7667,114.6,73.81,49,87,13.8,AU,1658293861
Saint-Pierre,-21.3393,55.4781,73.29,54,0,9.22,RE,1658293861
North Bend,43.4065,-124.2243,58.91,96,100,5.75,US,1658293861
Qui Nhon,13.7667,109.2333,85.26,70,100,8.01,VN,1658293786
Talas,38.6908,35.5538,61.47,63,0,9.22,TR,1658293862
Manokwari,-0.8667,134.0833,76.26,86,100,2.75,ID,1658293862
Powell River,49.8496,-124.5361,69.01,78,0,1.45,CA,1658293578
Baharly,38.4362,57.4316,96.82,15,0,7.31,TM,1658293863
Venado Tuerto,-33.7456,-61.9688,46.76,74,2,9.15,AR,1658293863
Tuktoyaktuk,69.4541,-133.0374,49.01,87,99,4.29,CA,1658293863
Labuhan,-6.8844,112.2051,85.55,61,46,9.57,ID,1658293864
Broome,42.2506,-75.833,73.65,87,53,3.04,US,1658293864
Kyra,49.5776,111.9753,83.34,34,99,6.96,RU,1658293864
Marzuq,14.4,46.4667,74.89,62,100,2.28,YE,1658293865
Ambon City,-3.6954,128.1814,86.14,70,20,5.75,ID,1658293865
Ukiah,39.1502,-123.2078,75.09,27,0,0.0,US,1658293865
Guaymas,27.9333,-110.9,83.88,69,100,7.92,MX,1658293866
Ketchikan,55.3422,-131.6461,59.47,77,100,4.61,US,1658293866
Siocon,7.7061,122.1353,84.81,72,33,1.83,PH,1658293866
Sambava,-14.2667,50.1667,70.32,83,22,13.04,MG,1658293867
Vila Franca do Campo,37.7167,-25.4333,73.2,89,88,5.23,PT,1658293867
Zenzeli,45.9241,47.0474,71.4,60,100,2.46,RU,1658293867
Layou,13.2,-61.2667,77.27,83,43,10.29,VC,1658293868
Mareeba,-17.0,145.4333,74.12,73,63,4.88,AU,1658293868
Saint Anthony,45.0205,-93.218,76.78,56,0,17.27,US,1658293868
Colombo,6.9319,79.8478,84.15,82,100,15.57,LK,1658293598
São João da Barra,-21.6403,-41.0511,69.49,92,32,7.29,BR,1658293869
Alofi,-19.0595,-169.9187,76.42,74,7,24.09,NU,1658293869
Fort Smith,35.3859,-94.3986,95.04,55,0,0.0,US,1658293590
Cockburn Town,21.4612,-71.1419,81.82,78,1,21.32,TC,1658293870
Laguna,38.421,-121.4238,84.31,38,0,10.36,US,1658293870
Miles City,46.4083,-105.8406,72.57,43,0,5.75,US,1658293870
Klaksvík,62.2266,-6.589,52.72,96,91,9.08,FO,1658293871
Teknāf,20.8624,92.3058,86.0,72,100,6.11,BD,1658293871
Krasnoarmeysk,51.0239,45.6969,66.33,55,2,10.0,RU,1658293871
Newport,51.5877,-2.9984,67.24,81,85,7.92,GB,1658293649
Henties Bay,-22.116,14.2845,53.37,91,15,2.93,NA,1658293872
Quesnel,52.9999,-122.5029,58.64,68,5,0.98,CA,1658293872
Mount Isa,-20.7333,139.5,78.57,18,0,12.66,AU,1658293873
Ordubad,38.9059,46.0234,83.73,36,0,10.92,AZ,1658293873
Itoman,26.1247,127.6694,93.58,84,20,10.36,JP,1658293873
Kidal,18.4411,1.4078,82.98,52,67,13.94,ML,1658293874
Whitehorse,60.7161,-135.0538,58.01,54,87,4.0,CA,1658293874
Lasem,-6.6922,111.4527,85.14,65,54,10.63,ID,1658293874
Tupã,-21.9347,-50.5136,66.38,60,10,5.26,BR,1658293875
Nemuro,43.3236,145.575,58.98,92,100,11.18,JP,1658293875
Suez,29.9737,32.5263,80.76,61,0,8.16,EG,1658293875
Northam,51.0333,-4.2167,64.62,89,95,6.67,GB,1658293876
Longyearbyen,78.2186,15.6401,48.04,87,75,10.36,SJ,1658293876
Ust'-Omchug,61.15,149.6333,80.46,37,69,0.85,RU,1658293876
Aksarka,66.5606,67.7975,65.01,55,78,9.24,RU,1658293877
Turbat,26.0023,63.044,88.45,70,100,6.73,PK,1658293877
Gaoual,11.75,-13.2,72.59,98,100,3.36,GN,1658293877
Esperance,-33.8667,121.9,64.22,60,99,14.27,AU,1658293878
Ginda,30.6945,78.4932,75.49,78,74,4.7,IN,1658293878
Constantine,36.365,6.6147,72.81,49,0,4.61,DZ,1658293878
Riachão,-7.3619,-46.6172,74.44,44,31,3.98,BR,1658293879
Tilichiki,60.4667,166.1,58.77,75,100,16.24,RU,1658293879
Meulaboh,4.1363,96.1285,84.42,63,50,4.29,ID,1658293880
Philadelphia,39.9523,-75.1638,80.96,77,0,10.36,US,1658293787
Sena Madureira,-9.0656,-68.6569,72.32,72,48,1.77,BR,1658293880
Los Llanos de Aridane,28.6585,-17.9182,65.95,83,0,14.97,ES,1658293881
Ténenkou,14.4572,-4.9169,77.67,74,97,4.45,ML,1658293881
Ashland,40.8167,-82.2665,71.82,89,49,5.82,US,1658293881
Bethel,41.3712,-73.414,78.55,81,0,0.0,US,1658293882
Asău,46.4333,26.4,65.32,50,36,2.39,RO,1658293882
Bhānvad,21.9264,69.7736,84.31,76,100,16.82,IN,1658293882
Husavik,66.0449,-17.3389,45.77,96,100,8.99,IS,1658293883
Ardeşen,41.1911,40.9875,71.2,82,100,4.63,TR,1658293883
Brazzaville,-4.2658,15.2832,70.12,83,17,3.44,CG,1658293883
Iquique,-20.2208,-70.1431,57.24,80,57,1.81,CL,1658293884
Oranjestad,12.524,-70.027,80.55,83,20,16.11,AW,1658293884
Camocim,-2.9022,-40.8411,74.62,92,82,7.83,BR,1658293884
Dalaba,10.7,-12.25,61.63,99,100,2.55,GN,1658293885
Xichang,27.8964,102.2634,73.02,77,100,4.43,CN,1658293885
Pāsighāt,28.0667,95.3333,81.28,92,99,2.73,IN,1658293885
Araouane,18.9048,-3.5265,87.96,41,98,8.81,ML,1658293886
Te Anau,-45.4167,167.7167,41.18,95,100,2.82,NZ,1658293886
Port Macquarie,-31.4333,152.9167,59.9,88,75,12.66,AU,1658293886
Churapcha,62.0025,132.4325,85.01,38,89,10.71,RU,1658293887
Faanui,-16.4833,-151.75,77.94,65,15,7.38,PF,1658293887
Magalia,39.8121,-121.5783,79.12,26,0,1.01,US,1658293887
Nānākuli,21.3906,-158.1547,80.55,58,0,10.36,US,1658293887
Vestmannaeyjar,63.4427,-20.2734,49.75,84,77,16.31,IS,1658293888
Fort Nelson,58.8053,-122.7002,65.75,39,52,9.37,CA,1658293888
Babylon,40.6957,-73.3257,83.52,67,0,6.91,US,1658293888
Porbandar,21.6422,69.6093,82.87,81,98,18.92,IN,1658293889
Vredendal,-31.6683,18.5012,44.92,87,0,3.09,ZA,1658293889
Benghazi,32.1167,20.0667,77.43,61,0,18.88,LY,1658293679
Kulhudhuffushi,6.6221,73.07,79.75,79,100,17.85,MV,1658293890
San Andrés,12.5847,-81.7006,82.42,78,40,13.8,CO,1658293890
Keti Bandar,24.1447,67.4497,85.6,80,79,16.64,PK,1658293890
Hofn,64.2539,-15.2082,49.77,79,100,12.55,IS,1658293891
Inhuma,-6.6683,-41.7078,70.45,53,6,11.54,BR,1658293891
Calama,-22.4667,-68.9333,52.29,19,74,17.27,CL,1658293891
Rapid Valley,44.0625,-103.1463,74.37,46,0,8.05,US,1658293892
Novocheremshansk,54.3571,50.1666,64.08,65,45,8.75,RU,1658293892
Houma,29.5958,-90.7195,82.0,88,0,1.01,US,1658293404
Carauari,-4.8828,-66.8958,74.21,77,78,1.43,BR,1658293892
Villa del Rosario,7.8339,-72.4742,75.58,83,40,2.3,CO,1658293893
Pangnirtung,66.1451,-65.7125,47.26,90,100,4.09,CA,1658293893
Tripoli,32.8752,13.1875,77.79,73,0,7.45,LY,1658293624
Guiyang,26.5833,106.7167,71.92,93,100,7.09,CN,1658293893
Businga,3.3333,20.8833,68.67,99,96,1.07,CD,1658293894
Teya,60.3778,92.6267,56.68,97,100,3.44,RU,1658293894
Orange Walk District,17.8333,-88.8333,74.53,98,78,1.97,BZ,1658293894
Urubichá,-15.3833,-62.95,65.97,64,7,2.04,BO,1658293895
Znamenskoye,57.1281,73.8282,71.17,58,95,4.07,RU,1658293895
Katherine,-14.4667,132.2667,88.12,25,42,9.22,AU,1658293895
Karratha,-20.7377,116.8463,79.03,28,0,17.47,AU,1658293896
Casablanca,33.5928,-7.6192,70.02,82,0,7.96,MA,1658293896
São Miguel do Araguaia,-13.275,-50.1628,72.84,44,67,2.15,BR,1658293896
Gigmoto,13.7796,124.39,87.66,69,98,8.19,PH,1658293897
Amvrosiyivka,47.7935,38.4777,71.6,38,5,2.82,UA,1658293897
Aklavik,68.2191,-135.0107,64.65,59,87,5.61,CA,1658293897
Alyangula,-13.8483,136.4192,77.2,56,12,10.76,AU,1658293897
Lyubinskiy,55.1542,72.6925,74.88,76,99,9.06,RU,1658293898
San Alberto,7.7611,-73.3922,75.02,83,100,5.37,CO,1658293898
Mishan,45.55,131.8833,77.61,72,67,1.34,CN,1658293898
Esim,4.8699,-2.2405,72.36,75,38,6.38,GH,1658293899
Caborca,30.5838,-111.101,76.87,72,100,22.79,MX,1658293899
Pavelets,53.7883,39.246,59.97,74,61,10.94,RU,1658293899
Lüderitz,-26.6481,15.1594,54.59,66,0,16.37,NA,1658293900
Mehamn,71.0357,27.8492,53.55,94,75,2.3,NO,1658293900
Harper,4.375,-7.7169,73.96,72,97,7.09,LR,1658293900
Jiancheng,30.391,104.5491,83.23,63,99,5.68,CN,1658293901
Payakumbuh,-0.2202,100.6308,87.49,52,100,1.99,ID,1658293901
Cairns,-16.9167,145.7667,78.75,65,100,11.5,AU,1658293770
Tamandaré,-8.7597,-35.1047,73.02,84,4,8.03,BR,1658293901
Awjilah,29.1081,21.2869,74.05,59,1,11.86,LY,1658293902
Pacific Grove,36.6177,-121.9166,57.54,91,100,8.05,US,1658293902
Bintulu,3.1667,113.0333,88.09,62,47,5.59,MY,1658293902
Ucluelet,48.9329,-125.5528,59.09,88,37,3.76,CA,1658293903
Mâncio Lima,-7.6142,-72.8958,71.91,89,80,1.95,BR,1658293903
Ostrovnoy,68.0531,39.5131,51.46,91,100,8.66,RU,1658293903
Samarina,57.8878,27.8054,60.69,77,100,16.67,RU,1658293904
Dingle,10.9995,122.6711,87.75,68,14,6.2,PH,1658293904
Brownwood,31.7093,-98.9912,93.2,40,51,17.78,US,1658293694
Metro,-5.1131,105.3067,87.91,62,76,2.1,ID,1658293905
Salalah,17.0151,54.0924,77.09,100,100,10.36,OM,1658293905
Madrid,40.4165,-3.7026,75.38,35,0,4.61,ES,1658293891
Camaná,-16.6228,-72.7111,60.82,86,64,5.3,PE,1658293905
Port Blair,11.6667,92.75,80.64,89,75,12.66,IN,1658293906
Antalaha,-14.9003,50.2788,69.51,85,33,10.74,MG,1658293906
Mopipi,-21.1833,24.8833,52.29,82,57,6.26,BW,1658293906
Zafra,38.4167,-6.4167,64.49,60,0,2.26,ES,1658293907
Neyshabur,36.2133,58.7958,83.93,17,0,1.23,IR,1658293907
Raahe,64.6833,24.4833,64.49,82,55,10.33,FI,1658293907
Semīrom,31.4167,51.5667,74.95,12,0,4.05,IR,1658293908
Ossora,59.2353,163.0719,61.14,80,96,7.16,RU,1658293908
Gualeguay,-33.1416,-59.3097,46.08,92,0,6.76,AR,1658293908
Acapulco de Juárez,16.8634,-99.8901,82.22,69,75,2.3,MX,1658293767
Bathsheba,13.2167,-59.5167,81.21,94,40,12.66,BB,1658293909
Saldanha,-33.0117,17.9442,52.39,78,0,11.1,ZA,1658293909
Bahía de Caráquez,-0.6,-80.4167,69.98,87,59,7.11,EC,1658293909
Moba,33.2288,105.0179,76.42,55,1,5.19,CN,1658293910
Bulawayo,-20.15,28.5833,56.64,51,81,4.05,ZW,1658293910
Shenjiamen,29.9576,122.298,81.39,84,91,16.53,CN,1658293910
Uruaçu,-14.5247,-49.1408,66.79,49,25,3.58,BR,1658293911
City of Banjul,13.45,-16.5833,80.87,79,100,15.17,GM,1658293911
Nova Soure,-11.2333,-38.4833,67.66,84,39,2.95,BR,1658293911
Pulsano,40.3821,17.3564,79.48,60,0,6.33,IT,1658293912
Oxford,51.7522,-1.256,67.35,88,75,12.66,GB,1658293719
Portland,45.5234,-122.6762,79.09,62,0,6.91,US,1658293724
Santa Fe,-31.6333,-60.7,52.0,80,0,1.99,AR,1658293810
Paamiut,61.994,-49.6678,44.49,97,100,2.37,GL,1658293912
Sittwe,20.15,92.9,85.42,73,100,6.24,MM,1658293912
Zhigansk,66.7697,123.3711,56.91,53,56,16.26,RU,1658293913
Camacha,33.0833,-16.3333,67.42,73,40,12.66,PT,1658293913
Grants Pass,42.439,-123.3284,85.51,47,0,5.75,US,1658293811
Neiafu,-18.65,-173.9833,79.48,73,75,13.8,TO,1658293914
Umeå,63.8284,20.2597,58.91,72,0,3.44,SE,1658293914
Atambua,-9.1061,124.8925,81.57,51,79,2.01,ID,1658293914
Imbituba,-28.24,-48.6703,63.86,95,40,3.33,BR,1658293696
Kysyl-Syr,63.8986,122.7617,69.66,58,95,8.43,RU,1658293915
Porto-Novo,6.4965,2.6036,72.14,84,33,5.23,BJ,1658293915
Bonnyville,54.2668,-110.735,61.02,56,95,13.51,CA,1658293915
Al Bardīyah,31.7561,25.0865,75.83,69,0,10.25,LY,1658293916
Beira,-19.8436,34.8389,68.09,100,100,4.61,MZ,1658293916
Upernavik,72.7868,-56.1549,45.39,77,90,5.23,GL,1658293916
Itarema,-2.9248,-39.9167,77.77,83,32,13.53,BR,1658293917
Poya,-21.35,165.15,76.6,83,98,4.03,NC,1658293917
Kem',64.9555,34.5793,56.62,90,100,16.42,RU,1658293917
Palu,-0.8917,119.8707,89.78,58,76,4.27,ID,1658293918
Nishihara,26.1842,127.7558,92.86,84,20,13.8,JP,1658293918
Sangar,63.9242,127.4739,77.77,53,100,5.59,RU,1658293918
Piaçabuçu,-10.4056,-36.4344,71.56,88,18,5.61,BR,1658293919
Coolum Beach,-26.5333,153.1,62.11,94,99,18.05,AU,1658293919
Shizunai-furukawachō,42.3339,142.3669,68.65,95,87,9.57,JP,1658293919
Grandview,38.8858,-94.533,83.48,63,0,3.44,US,1658293920
Zhangaözen,43.3,52.8,92.21,24,0,9.69,KZ,1658293920
San Isidro,-12.1167,-77.05,58.59,82,100,5.75,PE,1658293920
Lovozero,68.005,35.0117,55.96,86,100,7.7,RU,1658293921
Senneterre,48.3835,-77.2328,55.9,88,87,0.72,CA,1658293921
Sibu,2.3,111.8167,97.54,39,59,1.28,MY,1658293921
Gādarwāra,22.9167,78.7833,76.23,91,100,12.37,IN,1658293922
Grafton,42.207,-71.6856,76.41,83,0,9.22,US,1658293922
Aripuanã,-9.1667,-60.6333,70.05,51,0,2.15,BR,1658293841
Namatanai,-3.6667,152.4333,81.79,73,100,4.09,PG,1658293922
Conceição do Araguaia,-8.2578,-49.2647,70.23,48,0,3.58,BR,1658293923
Escárcega,18.6089,-90.7454,77.02,75,54,3.04,MX,1658293923
Annau,37.8876,58.516,94.62,15,0,4.83,TM,1658293923
Bandarbeyla,9.4942,50.8122,78.53,57,94,29.04,SO,1658293924
Avera,33.194,-82.5271,72.91,89,83,5.48,US,1658293924
Mutuípe,-13.2286,-39.5047,66.79,98,69,2.89,BR,1658293924
Sterling,39.0062,-77.4286,78.28,91,0,3.44,US,1658293925
Sharjah city,25.3573,55.4033,97.09,49,0,16.11,AE,1658293788
Taksimo,56.3444,114.8794,79.5,55,58,2.77,RU,1658293925
Talnakh,69.4865,88.3972,61.21,52,95,6.17,RU,1658293925
Kutum,14.2,24.6667,73.65,67,70,6.91,SD,1658293926
Wisła,49.6563,18.8591,71.92,65,12,4.0,PL,1658293926
Kemijärvi,66.7131,27.4306,55.22,88,98,8.86,FI,1658293926
Sørland,67.667,12.6934,53.46,86,93,17.9,NO,1658293927
Kalmunai,7.4167,81.8167,87.82,57,100,1.83,LK,1658293927
Mehrān,33.1222,46.1646,107.53,8,0,11.43,IR,1658293927
Huarmey,-10.0681,-78.1522,61.25,88,39,6.73,PE,1658293928
Sydney,-33.8679,151.2073,59.38,82,75,12.66,AU,1658293823
Codrington,-38.2667,141.9667,54.5,54,0,2.55,AU,1658293928
Kirakira,-10.4544,161.9205,83.55,72,18,7.25,SB,1658293928
Mlyniv,50.509,25.6168,65.93,75,100,5.84,UA,1658293818
Erzin,36.9559,36.2,82.63,54,0,4.05,TR,1658293929
Preobrazheniye,42.9019,133.9064,66.67,87,97,4.12,RU,1658293929
Beringovskiy,63.05,179.3167,48.13,93,74,27.34,RU,1658293930
Santiago del Estero,-27.7951,-64.2615,52.57,62,8,5.84,AR,1658293930
Lábrea,-7.2586,-64.7981,77.54,54,70,3.09,BR,1658293930
Vostok,46.4856,135.8833,70.63,86,96,2.71,RU,1658293931
Grindavik,63.8424,-22.4338,46.87,100,0,9.22,IS,1658293931
Atikokan,48.7555,-91.6216,58.91,98,67,4.21,CA,1658293931
Nantucket,41.2835,-70.0995,75.99,88,0,13.8,US,1658293932
Marsh Harbour,26.5412,-77.0636,81.1,82,5,8.88,BS,1658293932
Puyang,29.4603,119.8861,96.66,51,37,10.09,CN,1658293932
Mayo,38.8876,-76.5119,80.19,87,2,1.01,US,1658293933
Egvekinot,66.3167,-179.1667,44.06,71,98,2.62,RU,1658293933
Scarborough,54.2797,-0.4044,69.78,71,88,11.48,GB,1658293870
Inhambane,-23.865,35.3833,67.96,84,0,4.72,MZ,1658293934
Siniscola,40.5719,9.6922,65.75,52,0,3.15,IT,1658293934
Kongolo,-5.3833,27.0,74.88,47,56,0.89,CD,1658293934
Baoqing,46.3317,132.2111,78.78,64,34,4.47,CN,1658293934
Constitución,-35.3333,-72.4167,45.93,60,0,6.71,CL,1658293935
Muros,42.7762,-9.0603,64.09,90,94,4.34,ES,1658293935
Kumul,42.8,93.45,79.14,24,100,1.72,CN,1658293936
Vanimo,-2.6741,141.3028,82.27,79,80,4.05,PG,1658293936
Lovington,32.944,-103.3485,88.03,21,16,4.0,US,1658293936
Bilibino,68.0546,166.4372,54.9,49,79,4.54,RU,1658293937
Valparaíso,-33.0393,-71.6273,50.47,85,0,4.61,CL,1658293937
Engel's,51.5,46.1167,67.46,49,3,1.99,RU,1658293937
Dapaong,10.8639,0.205,72.05,81,96,6.87,TG,1658293938
Comodoro Rivadavia,-45.8667,-67.5,49.86,53,0,29.93,AR,1658293938
Siavonga,-16.5382,28.7088,62.15,70,9,2.91,ZM,1658293938
Jiaojiang,28.6803,121.4428,106.0,56,55,11.5,CN,1658293939
Plastun,44.7561,136.2939,70.7,70,62,7.07,RU,1658293939
Florence,43.7667,11.25,79.36,73,0,1.14,IT,1658293789
Alta Floresta,-9.8756,-56.0861,66.18,50,1,2.57,BR,1658293939
Kruisfontein,-34.0033,24.7314,50.88,92,100,6.2,ZA,1658293940
Isabela,6.7085,121.9711,84.25,69,38,3.11,PH,1658293940
Fortuna,40.5982,-124.1573,55.65,89,38,1.01,US,1658293917
Fare,-16.7,-151.0167,77.85,63,3,6.85,PF,1658293940
Kushmurun,52.4503,64.6311,76.53,65,95,13.82,KZ,1658293941
Central Point,42.376,-122.9164,84.33,26,0,4.61,US,1658293941
Karasuk,53.7377,78.0403,74.62,41,92,7.18,RU,1658293941
Burley,42.5357,-113.7928,71.29,52,0,9.22,US,1658293942
Bratsk,56.1325,101.6142,69.35,57,84,9.62,RU,1658293942
Zomin,39.9606,68.3958,87.3,21,0,3.83,UZ,1658293943
Burnie,-41.0667,145.9167,50.92,57,3,1.54,AU,1658293943
Nhulunbuy,-12.2333,136.7667,79.41,61,40,16.11,AU,1658293943
Mizdah,31.4451,12.9801,69.58,76,0,4.76,LY,1658293943
Hailar,49.2,119.7,83.19,34,0,2.08,CN,1658293944
Xining,36.6167,101.7667,73.8,43,0,4.27,CN,1658293944
Sanguéya,10.7,-14.3667,73.81,98,100,2.77,GN,1658293944
Novopokrovka,49.8425,36.5477,64.47,71,7,6.2,UA,1658293945
Dunedin,-45.8742,170.5036,43.84,86,100,7.2,NZ,1658293710
Auki,-8.7676,160.7034,84.43,61,45,0.6,SB,1658293946
Ixtapa,20.7,-105.2,83.43,79,40,0.0,MX,1658293946
Kenai,60.5544,-151.2583,53.15,96,100,6.91,US,1658293946
Cedar City,37.6775,-113.0619,78.4,29,75,10.36,US,1658293947
Namanga,-2.5433,36.7905,60.06,80,75,8.5,KE,1658293947
Verkhoyansk,67.5447,133.385,49.57,67,100,9.37,RU,1658293947
Alice Springs,-23.7,133.8833,69.35,24,1,10.36,AU,1658293948
Lundazi,-12.2929,33.1782,61.81,60,0,11.63,ZM,1658293948
Cap Estate,14.0833,-60.95,80.22,83,21,14.92,LC,1658293948
Teodoro Sampaio,-22.5325,-52.1675,67.3,68,54,5.26,BR,1658293949
Emet,39.343,29.2585,61.57,74,0,5.66,TR,1658293949
Cascais,38.6979,-9.4215,67.46,73,1,21.0,PT,1658293866
Pinawa,50.1489,-95.8811,66.11,98,100,9.24,CA,1658293949
Mahon,39.8885,4.2658,75.76,94,20,2.3,ES,1658293950
Vila Velha,-20.3297,-40.2925,67.95,95,0,2.3,BR,1658293907
Dzerzhinsk,56.2389,43.4631,60.62,77,0,6.71,RU,1658293951
Callaway,30.153,-85.5699,83.95,86,63,4.0,US,1658293951
Mackenzie,55.2999,-123.1698,55.15,64,1,3.31,CA,1658293952
Moerai,-22.4333,-151.3333,71.6,85,97,34.14,PF,1658293952
Sabang,5.8933,95.3214,83.14,75,97,24.07,ID,1658293952
Luganville,-15.5333,167.1667,81.37,78,38,9.06,VU,1658293953
Kuteynykove,47.8123,38.2882,70.93,39,6,2.71,UA,1658293953
Āsosa,10.0667,34.5333,61.83,93,100,2.04,ET,1658293953
Songjianghe,42.1859,127.479,75.06,73,79,6.08,CN,1658293954
Palmer,42.1584,-72.3287,75.61,85,0,0.0,US,1658293954
‘Ewa Beach,21.3156,-158.0072,80.55,63,0,11.5,US,1658293680
Aleksandrovskoye,44.7142,43.0008,64.71,87,100,5.73,RU,1658293954
Lompoc,34.6391,-120.4579,57.58,95,100,3.44,US,1658293676
Visby,57.6409,18.296,64.81,94,0,9.22,SE,1658293955
Primo Tapia,32.22,-116.9172,78.87,61,6,7.34,MX,1658293955
Luwingu,-10.2621,29.9271,54.36,80,8,4.94,ZM,1658293956
Klyuchi,52.2667,79.1667,77.63,33,83,5.03,RU,1658293674
Sistranda,63.7256,8.834,58.96,87,100,20.2,NO,1658293956
Chimoio,-19.1164,33.4833,60.66,100,75,0.94,MZ,1658293956
Micheweni,-4.9667,39.8333,75.88,71,33,15.05,TZ,1658293957
Iaçu,-12.7672,-40.2117,64.83,94,16,2.46,BR,1658293957
Biryusinsk,55.9634,97.8235,66.52,66,100,10.0,RU,1658293958
Quatre Cocos,-20.2078,57.7625,71.1,69,98,23.26,MU,1658293958
Takoradze,4.8845,-1.7554,72.57,77,74,6.73,GH,1658293958
Kitimat,54.0524,-128.6534,59.92,50,92,1.95,CA,1658293958
Maceió,-9.6658,-35.7353,72.84,88,75,3.44,BR,1658293959
Ekhabi,53.5102,142.9671,60.39,82,100,11.52,RU,1658293959
Anlu,31.1661,112.5831,74.12,88,100,2.75,CN,1658293959
Pirganj,25.8523,88.3618,88.48,69,99,8.34,BD,1658293960
Kavieng,-2.5744,150.7967,83.34,71,100,5.23,PG,1658293960
Tambopata,-12.7333,-69.1833,75.33,77,100,2.01,PE,1658293960
Fenelon Falls,44.5334,-78.7496,69.57,80,90,5.19,CA,1658293961
Maningrida,-12.0667,134.2667,85.21,37,20,8.48,AU,1658293961
